{
  "1000CHEEMS/USDT": {
    "rsi": 0.414726,
    "momentum": 0.301962,
    "ema": 0.262669,
    "vol": 0.020643
  },
  "AAVE/USDT": {
    "rsi": 0.326327,
    "momentum": 0.277617,
    "ema": 0.377573,
    "vol": 0.018482
  },
  "ADA/USDT": {
    "rsi": 0.3198,
    "momentum": 0.274405,
    "ema": 0.383616,
    "vol": 0.022179
  },
  "APT/USDT": {
    "rsi": 0.353132,
    "momentum": 0.245114,
    "ema": 0.395605,
    "vol": 0.006148
  },
  "ARB/USDT": {
    "rsi": 0.326272,
    "momentum": 0.241154,
    "ema": 0.407692,
    "vol": 0.024882
  },
  "ASTER/USDT": {
    "rsi": 0.375502,
    "momentum": 0.278142,
    "ema": 0.336058,
    "vol": 0.010299
  },
  "AVAX/USDT": {
    "rsi": 0.353787,
    "momentum": 0.289161,
    "ema": 0.278507,
    "vol": 0.078545
  },
  "AVNT/USDT": {
    "rsi": 0.327668,
    "momentum": 0.156132,
    "ema": 0.335022,
    "vol": 0.181179
  },
  "BIO/USDT": {
    "rsi": 0.379701,
    "momentum": 0.298385,
    "ema": 0.280002,
    "vol": 0.041913
  },
  "BMT/USDT": {
    "rsi": 0.340086,
    "momentum": 0.261187,
    "ema": 0.287854,
    "vol": 0.110873
  },
  "BNB/USDT": {
    "rsi": 0.293534,
    "momentum": 0.236593,
    "ema": 0.362269,
    "vol": 0.107605
  },
  "BONK/USDT": {
    "rsi": 0.370406,
    "momentum": 0.284866,
    "ema": 0.344373,
    "vol": 0.000354
  },
  "BTC/USDT": {
    "rsi": 0.324625,
    "momentum": 0.262363,
    "ema": 0.343777,
    "vol": 0.069235
  },
  "CAKE/USDT": {
    "rsi": 0.338726,
    "momentum": 0.233365,
    "ema": 0.385661,
    "vol": 0.042248
  },
  "CFX/USDT": {
    "rsi": 0.368979,
    "momentum": 0.255485,
    "ema": 0.364275,
    "vol": 0.01126
  },
  "CRV/USDT": {
    "rsi": 0.320831,
    "momentum": 0.243735,
    "ema": 0.365225,
    "vol": 0.070209
  },
  "DOGE/USDT": {
    "rsi": 0.321434,
    "momentum": 0.266116,
    "ema": 0.356886,
    "vol": 0.055564
  },
  "DOT/USDT": {
    "rsi": 0.33549,
    "momentum": 0.263972,
    "ema": 0.371001,
    "vol": 0.029536
  },
  "EDEN/USDT": {
    "rsi": 0.352294,
    "momentum": 0.259773,
    "ema": 0.289449,
    "vol": 0.098484
  },
  "EIGEN/USDT": {
    "rsi": 0.414899,
    "momentum": 0.329021,
    "ema": 0.238482,
    "vol": 0.017598
  },
  "ENA/USDT": {
    "rsi": 0.330199,
    "momentum": 0.257863,
    "ema": 0.404931,
    "vol": 0.007008
  },
  "ETH/USDT": {
    "rsi": 0.323105,
    "momentum": 0.257797,
    "ema": 0.334469,
    "vol": 0.084629
  },
  "FET/USDT": {
    "rsi": 0.329647,
    "momentum": 0.24269,
    "ema": 0.419774,
    "vol": 0.007888
  },
  "FIL/USDT": {
    "rsi": 0.352637,
    "momentum": 0.229211,
    "ema": 0.369712,
    "vol": 0.048441
  },
  "FLOKI/USDT": {
    "rsi": 0.309586,
    "momentum": 0.244621,
    "ema": 0.412106,
    "vol": 0.033687
  },
  "FORM/USDT": {
    "rsi": 0.294738,
    "momentum": 0.246247,
    "ema": 0.369831,
    "vol": 0.089184
  },
  "HBAR/USDT": {
    "rsi": 0.299981,
    "momentum": 0.245523,
    "ema": 0.375271,
    "vol": 0.079225
  },
  "HEMI/USDT": {
    "rsi": 0.359719,
    "momentum": 0.310539,
    "ema": 0.305553,
    "vol": 0.024189
  },
  "ICP/USDT": {
    "rsi": 0.322629,
    "momentum": 0.25207,
    "ema": 0.366488,
    "vol": 0.058813
  },
  "LINEA/USDT": {
    "rsi": 0.378778,
    "momentum": 0.26573,
    "ema": 0.311718,
    "vol": 0.043774
  },
  "LINK/USDT": {
    "rsi": 0.343089,
    "momentum": 0.287771,
    "ema": 0.311579,
    "vol": 0.057561
  },
  "LISTA/USDT": {
    "rsi": 0.355919,
    "momentum": 0.254957,
    "ema": 0.385994,
    "vol": 0.00313
  },
  "LTC/USDT": {
    "rsi": 0.318651,
    "momentum": 0.276425,
    "ema": 0.35203,
    "vol": 0.052894
  },
  "MIRA/USDT": {
    "rsi": 0.308169,
    "momentum": 0.232583,
    "ema": 0.352174,
    "vol": 0.107074
  },
  "NEAR/USDT": {
    "rsi": 0.312673,
    "momentum": 0.23038,
    "ema": 0.396309,
    "vol": 0.060638
  },
  "ONDO/USDT": {
    "rsi": 0.331621,
    "momentum": 0.261727,
    "ema": 0.392785,
    "vol": 0.013866
  },
  "OPEN/USDT": {
    "rsi": 0.343049,
    "momentum": 0.214029,
    "ema": 0.407854,
    "vol": 0.035068
  },
  "PAXG/USDT": {
    "rsi": 0.271114,
    "momentum": 0.175148,
    "ema": 0.304126,
    "vol": 0.249612
  },
  "PENDLE/USDT": {
    "rsi": 0.330228,
    "momentum": 0.23562,
    "ema": 0.387712,
    "vol": 0.046439
  },
  "PENGU/USDT": {
    "rsi": 0.29582,
    "momentum": 0.216455,
    "ema": 0.424069,
    "vol": 0.063657
  },
  "PEPE/USDT": {
    "rsi": 0.388908,
    "momentum": 0.308651,
    "ema": 0.273146,
    "vol": 0.029295
  },
  "PLUME/USDT": {
    "rsi": 0.330978,
    "momentum": 0.196224,
    "ema": 0.423953,
    "vol": 0.048845
  },
  "POL/USDT": {
    "rsi": 0.350029,
    "momentum": 0.264685,
    "ema": 0.349428,
    "vol": 0.035859
  },
  "PUMP/USDT": {
    "rsi": 0.275984,
    "momentum": 0.183833,
    "ema": 0.439106,
    "vol": 0.101077
  },
  "S/USDT": {
    "rsi": 0.337638,
    "momentum": 0.273102,
    "ema": 0.352412,
    "vol": 0.036847
  },
  "SEI/USDT": {
    "rsi": 0.359736,
    "momentum": 0.253035,
    "ema": 0.3459,
    "vol": 0.041329
  },
  "SHIB/USDT": {
    "rsi": 0.384892,
    "momentum": 0.289938,
    "ema": 0.297911,
    "vol": 0.027259
  },
  "SOL/USDT": {
    "rsi": 0.360248,
    "momentum": 0.259118,
    "ema": 0.363652,
    "vol": 0.016982
  },
  "SOMI/USDT": {
    "rsi": 0.333649,
    "momentum": 0.216767,
    "ema": 0.362413,
    "vol": 0.08717
  },
  "SUI/USDT": {
    "rsi": 0.318453,
    "momentum": 0.248667,
    "ema": 0.398749,
    "vol": 0.03413
  },
  "TAO/USDT": {
    "rsi": 0.319644,
    "momentum": 0.243827,
    "ema": 0.41665,
    "vol": 0.019879
  },
  "TON/USDT": {
    "rsi": 0.344403,
    "momentum": 0.293319,
    "ema": 0.307337,
    "vol": 0.054941
  },
  "TRUMP/USDT": {
    "rsi": 0.329319,
    "momentum": 0.221814,
    "ema": 0.403455,
    "vol": 0.045412
  },
  "TRX/USDT": {
    "rsi": 0.404354,
    "momentum": 0.299171,
    "ema": 0.202756,
    "vol": 0.093719
  },
  "TUT/USDT": {
    "rsi": 0.337633,
    "momentum": 0.270174,
    "ema": 0.375621,
    "vol": 0.016571
  },
  "UNI/USDT": {
    "rsi": 0.328008,
    "momentum": 0.262353,
    "ema": 0.39589,
    "vol": 0.013749
  },
  "VIRTUAL/USDT": {
    "rsi": 0.308242,
    "momentum": 0.234381,
    "ema": 0.371207,
    "vol": 0.086171
  },
  "WIF/USDT": {
    "rsi": 0.414901,
    "momentum": 0.332408,
    "ema": 0.251563,
    "vol": 0.001129
  },
  "WLD/USDT": {
    "rsi": 0.306448,
    "momentum": 0.231347,
    "ema": 0.415662,
    "vol": 0.046543
  },
  "WLFI/USDT": {
    "rsi": 0.345655,
    "momentum": 0.272575,
    "ema": 0.340612,
    "vol": 0.041159
  },
  "XLM/USDT": {
    "rsi": 0.346532,
    "momentum": 0.270325,
    "ema": 0.347795,
    "vol": 0.035348
  },
  "XPL/USDT": {
    "rsi": 0.307132,
    "momentum": 0.239247,
    "ema": 0.403223,
    "vol": 0.050398
  },
  "XRP/USDT": {
    "rsi": 0.331072,
    "momentum": 0.330049,
    "ema": 0.307151,
    "vol": 0.031729
  },
  "ZEC/USDT": {
    "rsi": 0.34584,
    "momentum": 0.261946,
    "ema": 0.360494,
    "vol": 0.03172
  },
  "ZEN/USDT": {
    "rsi": 0.332251,
    "momentum": 0.232993,
    "ema": 0.394091,
    "vol": 0.040665
  }
}